工作表,怪物ID,Excel行,展示名,源物品ID,单槽概率,独立槽个数,代表槽ID,尚缺信息
暗黑战士,62,48,降魔 ×2,96,1/80,2,dpv2.direct.m62.slot_036,必须恢复本行全部原始slot_uid及原始次序；不能按物品名合并不同组
红蛇,92,23,铁手镯 ×2,174,1/40,2,dpv2.direct.m92.v505_0022,必须恢复本行全部原始slot_uid及原始次序；不能按物品名合并不同组
虎蛇,94,23,铁手镯 ×2,174,1/40,2,dpv2.direct.m94.v505_0023,必须恢复本行全部原始slot_uid及原始次序；不能按物品名合并不同组
跳跳蜂,114,40,黑檀手镯 ×2,184,1/60,2,dpv2.direct.m114.slot_017,必须恢复本行全部原始slot_uid及原始次序；不能按物品名合并不同组
祖玛雕像,153,8,太阳水 ×3,920014,1/20,3,dpv2.direct.m153.slot_005,必须恢复本行全部原始slot_uid及原始次序；不能按物品名合并不同组
祖玛卫士,156,51,太阳水 ×4,920014,1/60,4,dpv2.direct.m156.slot_005,必须恢复本行全部原始slot_uid及原始次序；不能按物品名合并不同组
牛魔将军,218,7,强效太阳水 ×2,920016,1/2,2,dpv2.direct.m218.slot_008,必须恢复本行全部原始slot_uid及原始次序；不能按物品名合并不同组
牛魔法师,220,8,太阳水 ×2,920014,1/20,2,dpv2.direct.m220.slot_004,必须恢复本行全部原始slot_uid及原始次序；不能按物品名合并不同组
牛魔祭司,222,6,超级金创药 ×2,920017,1/2,2,dpv2.direct.m222.slot_007,必须恢复本行全部原始slot_uid及原始次序；不能按物品名合并不同组
牛魔祭司,222,7,超级魔法药 ×2,920042,1/2,2,dpv2.direct.m222.slot_008,必须恢复本行全部原始slot_uid及原始次序；不能按物品名合并不同组
牛魔祭司,222,8,强效太阳水 ×5,920016,1/3,5,dpv2.direct.m222.slot_009,必须恢复本行全部原始slot_uid及原始次序；不能按物品名合并不同组
牛魔祭司,222,10,强效太阳水 ×5,920016,1/6,5,dpv2.direct.m222.slot_005,必须恢复本行全部原始slot_uid及原始次序；不能按物品名合并不同组
半兽勇士,38,6,金创药(中量) ×3,920044,1/1,3,dpv2.direct.m38.slot_004,必须恢复本行全部原始slot_uid及原始次序；不能按物品名合并不同组
半兽勇士,38,8,魔法药(中量) ×3,920052,1/1,3,dpv2.direct.m38.slot_001,必须恢复本行全部原始slot_uid及原始次序；不能按物品名合并不同组
半兽勇士,38,9,太阳水 ×5,920014,1/2,5,dpv2.direct.m38.slot_007,必须恢复本行全部原始slot_uid及原始次序；不能按物品名合并不同组
半兽勇士,38,10,强效太阳水 ×2,920016,1/2,2,dpv2.direct.m38.slot_012,必须恢复本行全部原始slot_uid及原始次序；不能按物品名合并不同组
半兽勇士,38,11,金创药(中量) ×2,920044,1/2,2,dpv2.direct.m38.slot_017,必须恢复本行全部原始slot_uid及原始次序；不能按物品名合并不同组
半兽勇士,38,12,魔法药(中量) ×2,920052,1/2,2,dpv2.direct.m38.slot_015,必须恢复本行全部原始slot_uid及原始次序；不能按物品名合并不同组
半兽勇士,38,13,太阳水 ×5,920014,1/4,5,dpv2.direct.m38.slot_019,必须恢复本行全部原始slot_uid及原始次序；不能按物品名合并不同组
半兽勇士,38,14,强效太阳水 ×3,920016,1/4,3,dpv2.direct.m38.slot_024,必须恢复本行全部原始slot_uid及原始次序；不能按物品名合并不同组
骷髅精灵,56,6,金创药(中量) ×3,920044,1/1,3,dpv2.direct.m56.slot_024,必须恢复本行全部原始slot_uid及原始次序；不能按物品名合并不同组
骷髅精灵,56,8,魔法药(中量) ×3,920052,1/1,3,dpv2.direct.m56.slot_029,必须恢复本行全部原始slot_uid及原始次序；不能按物品名合并不同组
骷髅精灵,56,12,太阳水 ×5,920014,1/2,5,dpv2.direct.m56.slot_013,必须恢复本行全部原始slot_uid及原始次序；不能按物品名合并不同组
骷髅精灵,56,14,强效太阳水 ×3,920016,1/2,3,dpv2.direct.m56.slot_008,必须恢复本行全部原始slot_uid及原始次序；不能按物品名合并不同组
骷髅精灵,56,21,金创药(中量) ×2,920044,1/2,2,dpv2.direct.m56.slot_027,必须恢复本行全部原始slot_uid及原始次序；不能按物品名合并不同组
骷髅精灵,56,25,魔法药(中量) ×2,920052,1/2,2,dpv2.direct.m56.slot_032,必须恢复本行全部原始slot_uid及原始次序；不能按物品名合并不同组
骷髅精灵,56,37,太阳水 ×6,920014,1/4,6,dpv2.direct.m56.slot_018,必须恢复本行全部原始slot_uid及原始次序；不能按物品名合并不同组
骷髅精灵,56,38,强效太阳水 ×2,920016,1/4,2,dpv2.direct.m56.slot_011,必须恢复本行全部原始slot_uid及原始次序；不能按物品名合并不同组
沃玛卫士,73,8,金创药(中量) ×2,920044,1/1,2,dpv2.direct.m73.slot_010,必须恢复本行全部原始slot_uid及原始次序；不能按物品名合并不同组
沃玛卫士,73,10,魔法药(中量) ×2,920052,1/1,2,dpv2.direct.m73.slot_013,必须恢复本行全部原始slot_uid及原始次序；不能按物品名合并不同组
沃玛卫士,73,11,太阳水 ×5,920014,1/2,5,dpv2.direct.m73.slot_005,必须恢复本行全部原始slot_uid及原始次序；不能按物品名合并不同组
沃玛卫士,73,12,强效太阳水 ×3,920016,1/2,3,dpv2.direct.m73.slot_002,必须恢复本行全部原始slot_uid及原始次序；不能按物品名合并不同组
沃玛卫士,73,13,超级金创药 ×2,920017,1/2,2,dpv2.direct.m73.slot_023,必须恢复本行全部原始slot_uid及原始次序；不能按物品名合并不同组
沃玛卫士,73,14,超级魔法药 ×2,920042,1/2,2,dpv2.direct.m73.slot_025,必须恢复本行全部原始slot_uid及原始次序；不能按物品名合并不同组
沃玛卫士,73,30,太阳水 ×5,920014,1/4,5,dpv2.direct.m73.slot_018,必须恢复本行全部原始slot_uid及原始次序；不能按物品名合并不同组
沃玛卫士,73,31,强效太阳水 ×2,920016,1/4,2,dpv2.direct.m73.slot_016,必须恢复本行全部原始slot_uid及原始次序；不能按物品名合并不同组
尸王,89,6,金创药(中量) ×3,920044,1/1,3,dpv2.direct.m89.v505_0023,必须恢复本行全部原始slot_uid及原始次序；不能按物品名合并不同组
尸王,89,8,魔法药(中量) ×3,920052,1/1,3,dpv2.direct.m89.v505_0028,必须恢复本行全部原始slot_uid及原始次序；不能按物品名合并不同组
尸王,89,9,太阳水 ×5,920014,1/2,5,dpv2.direct.m89.v505_0013,必须恢复本行全部原始slot_uid及原始次序；不能按物品名合并不同组
尸王,89,10,强效太阳水 ×3,920016,1/2,3,dpv2.direct.m89.v505_0002,必须恢复本行全部原始slot_uid及原始次序；不能按物品名合并不同组
尸王,89,11,超级金创药 ×2,920017,1/2,2,dpv2.direct.m89.v505_0026,必须恢复本行全部原始slot_uid及原始次序；不能按物品名合并不同组
尸王,89,12,超级魔法药 ×2,920042,1/2,2,dpv2.direct.m89.v505_0031,必须恢复本行全部原始slot_uid及原始次序；不能按物品名合并不同组
尸王,89,18,太阳水 ×5,920014,1/4,5,dpv2.direct.m89.v505_0018,必须恢复本行全部原始slot_uid及原始次序；不能按物品名合并不同组
尸王,89,19,强效太阳水 ×2,920016,1/4,2,dpv2.direct.m89.v505_0005,必须恢复本行全部原始slot_uid及原始次序；不能按物品名合并不同组
邪恶钳虫,120,6,超级金创药 ×3,920017,1/1,3,dpv2.direct.m120.slot_018,必须恢复本行全部原始slot_uid及原始次序；不能按物品名合并不同组
邪恶钳虫,120,7,超级魔法药 ×3,920042,1/1,3,dpv2.direct.m120.slot_021,必须恢复本行全部原始slot_uid及原始次序；不能按物品名合并不同组
邪恶钳虫,120,8,金创药(中量) ×2,920044,1/1,2,dpv2.direct.m120.v505_0032,必须恢复本行全部原始slot_uid及原始次序；不能按物品名合并不同组
邪恶钳虫,120,10,魔法药(中量) ×2,920052,1/1,2,dpv2.direct.m120.v505_0037,必须恢复本行全部原始slot_uid及原始次序；不能按物品名合并不同组
邪恶钳虫,120,16,太阳水 ×7,920014,1/2,7,dpv2.direct.m120.v505_0018,必须恢复本行全部原始slot_uid及原始次序；不能按物品名合并不同组
邪恶钳虫,120,17,强效太阳水 ×5,920016,1/2,5,dpv2.direct.m120.slot_008,必须恢复本行全部原始slot_uid及原始次序；不能按物品名合并不同组
邪恶钳虫,120,22,超级金创药 ×5,920017,1/2,5,dpv2.direct.m120.slot_024,必须恢复本行全部原始slot_uid及原始次序；不能按物品名合并不同组
邪恶钳虫,120,23,超级魔法药 ×5,920042,1/2,5,dpv2.direct.m120.slot_029,必须恢复本行全部原始slot_uid及原始次序；不能按物品名合并不同组
邪恶钳虫,120,42,太阳水 ×7,920014,1/4,7,dpv2.direct.m120.v505_0025,必须恢复本行全部原始slot_uid及原始次序；不能按物品名合并不同组
邪恶钳虫,120,43,强效太阳水 ×5,920016,1/4,5,dpv2.direct.m120.slot_013,必须恢复本行全部原始slot_uid及原始次序；不能按物品名合并不同组
白野猪,135,6,超级金创药 ×3,920017,1/1,3,dpv2.direct.m135.slot_015,必须恢复本行全部原始slot_uid及原始次序；不能按物品名合并不同组
白野猪,135,7,超级魔法药 ×3,920042,1/1,3,dpv2.direct.m135.slot_021,必须恢复本行全部原始slot_uid及原始次序；不能按物品名合并不同组
白野猪,135,8,金创药(中量) ×3,920044,1/1,3,dpv2.direct.m135.slot_012,必须恢复本行全部原始slot_uid及原始次序；不能按物品名合并不同组
白野猪,135,10,魔法药(中量) ×3,920052,1/1,3,dpv2.direct.m135.slot_018,必须恢复本行全部原始slot_uid及原始次序；不能按物品名合并不同组
白野猪,135,11,太阳水 ×5,920014,1/2,5,dpv2.direct.m135.slot_007,必须恢复本行全部原始slot_uid及原始次序；不能按物品名合并不同组
白野猪,135,12,强效太阳水 ×5,920016,1/2,5,dpv2.direct.m135.slot_002,必须恢复本行全部原始slot_uid及原始次序；不能按物品名合并不同组
白野猪,135,13,超级金创药 ×6,920017,1/2,6,dpv2.direct.m135.slot_034,必须恢复本行全部原始slot_uid及原始次序；不能按物品名合并不同组
白野猪,135,14,超级魔法药 ×6,920042,1/2,6,dpv2.direct.m135.slot_040,必须恢复本行全部原始slot_uid及原始次序；不能按物品名合并不同组
白野猪,135,25,降魔 ×2,96,1/3,2,dpv2.direct.m135.slot_049,必须恢复本行全部原始slot_uid及原始次序；不能按物品名合并不同组
白野猪,135,30,太阳水 ×5,920014,1/4,5,dpv2.direct.m135.slot_029,必须恢复本行全部原始slot_uid及原始次序；不能按物品名合并不同组
白野猪,135,31,强效太阳水 ×5,920016,1/4,5,dpv2.direct.m135.slot_024,必须恢复本行全部原始slot_uid及原始次序；不能按物品名合并不同组
邪恶毒蛇,141,6,超级金创药 ×8,920017,1/1,8,dpv2.direct.m141.slot_020,必须恢复本行全部原始slot_uid及原始次序；不能按物品名合并不同组
邪恶毒蛇,141,7,超级魔法药 ×8,920042,1/1,8,dpv2.direct.m141.slot_023,必须恢复本行全部原始slot_uid及原始次序；不能按物品名合并不同组
邪恶毒蛇,141,9,太阳水 ×8,920014,1/2,8,dpv2.direct.m141.v505_0018,必须恢复本行全部原始slot_uid及原始次序；不能按物品名合并不同组
邪恶毒蛇,141,10,强效太阳水 ×8,920016,1/2,8,dpv2.direct.m141.slot_008,必须恢复本行全部原始slot_uid及原始次序；不能按物品名合并不同组
邪恶毒蛇,141,11,超级金创药 ×2,920017,1/2,2,dpv2.direct.m141.slot_018,必须恢复本行全部原始slot_uid及原始次序；不能按物品名合并不同组
邪恶毒蛇,141,12,超级魔法药 ×2,920042,1/2,2,dpv2.direct.m141.slot_021,必须恢复本行全部原始slot_uid及原始次序；不能按物品名合并不同组
邪恶毒蛇,141,13,太阳水 ×2,920014,1/4,2,dpv2.direct.m141.v505_0026,必须恢复本行全部原始slot_uid及原始次序；不能按物品名合并不同组
邪恶毒蛇,141,14,强效太阳水 ×2,920016,1/4,2,dpv2.direct.m141.slot_013,必须恢复本行全部原始slot_uid及原始次序；不能按物品名合并不同组
虹魔猪卫,188,6,超级金创药 ×3,920017,1/1,3,dpv2.direct.m188.slot_024,必须恢复本行全部原始slot_uid及原始次序；不能按物品名合并不同组
虹魔猪卫,188,7,超级魔法药 ×3,920042,1/1,3,dpv2.direct.m188.slot_030,必须恢复本行全部原始slot_uid及原始次序；不能按物品名合并不同组
虹魔猪卫,188,8,金创药(中量) ×3,920044,1/1,3,dpv2.direct.m188.v505_0028,必须恢复本行全部原始slot_uid及原始次序；不能按物品名合并不同组
虹魔猪卫,188,10,魔法药(中量) ×3,920052,1/1,3,dpv2.direct.m188.v505_0034,必须恢复本行全部原始slot_uid及原始次序；不能按物品名合并不同组
虹魔猪卫,188,11,太阳水 ×5,920014,1/2,5,dpv2.direct.m188.v505_0018,必须恢复本行全部原始slot_uid及原始次序；不能按物品名合并不同组
虹魔猪卫,188,12,强效太阳水 ×5,920016,1/2,5,dpv2.direct.m188.slot_008,必须恢复本行全部原始slot_uid及原始次序；不能按物品名合并不同组
虹魔猪卫,188,13,超级金创药 ×6,920017,1/2,6,dpv2.direct.m188.slot_018,必须恢复本行全部原始slot_uid及原始次序；不能按物品名合并不同组
虹魔猪卫,188,14,超级魔法药 ×6,920042,1/2,6,dpv2.direct.m188.slot_021,必须恢复本行全部原始slot_uid及原始次序；不能按物品名合并不同组
虹魔猪卫,188,25,降魔 ×2,96,1/60,2,dpv2.direct.m188.v505_0109,必须恢复本行全部原始slot_uid及原始次序；不能按物品名合并不同组
虹魔猪卫,188,30,太阳水 ×5,920014,1/4,5,dpv2.direct.m188.v505_0023,必须恢复本行全部原始slot_uid及原始次序；不能按物品名合并不同组
虹魔猪卫,188,31,强效太阳水 ×5,920016,1/4,5,dpv2.direct.m188.slot_013,必须恢复本行全部原始slot_uid及原始次序；不能按物品名合并不同组
虹魔蝎卫,191,6,超级金创药 ×8,920017,1/1,8,dpv2.direct.m191.slot_020,必须恢复本行全部原始slot_uid及原始次序；不能按物品名合并不同组
虹魔蝎卫,191,7,超级魔法药 ×8,920042,1/1,8,dpv2.direct.m191.slot_023,必须恢复本行全部原始slot_uid及原始次序；不能按物品名合并不同组
虹魔蝎卫,191,9,太阳水 ×8,920014,1/2,8,dpv2.direct.m191.v505_0018,必须恢复本行全部原始slot_uid及原始次序；不能按物品名合并不同组
虹魔蝎卫,191,10,强效太阳水 ×8,920016,1/2,8,dpv2.direct.m191.slot_008,必须恢复本行全部原始slot_uid及原始次序；不能按物品名合并不同组
虹魔蝎卫,191,11,超级金创药 ×2,920017,1/2,2,dpv2.direct.m191.slot_018,必须恢复本行全部原始slot_uid及原始次序；不能按物品名合并不同组
虹魔蝎卫,191,12,超级魔法药 ×2,920042,1/2,2,dpv2.direct.m191.slot_021,必须恢复本行全部原始slot_uid及原始次序；不能按物品名合并不同组
虹魔蝎卫,191,13,太阳水 ×2,920014,1/4,2,dpv2.direct.m191.v505_0026,必须恢复本行全部原始slot_uid及原始次序；不能按物品名合并不同组
虹魔蝎卫,191,14,强效太阳水 ×2,920016,1/4,2,dpv2.direct.m191.slot_013,必须恢复本行全部原始slot_uid及原始次序；不能按物品名合并不同组
沃玛教主,76,6,超级金创药 ×8,920017,1/1,8,dpv2.direct.m76.v505_0028,必须恢复本行全部原始slot_uid及原始次序；不能按物品名合并不同组
沃玛教主,76,7,超级魔法药 ×8,920042,1/1,8,dpv2.direct.m76.v505_0038,必须恢复本行全部原始slot_uid及原始次序；不能按物品名合并不同组
沃玛教主,76,10,太阳水 ×8,920014,1/2,8,dpv2.direct.m76.v505_0018,必须恢复本行全部原始slot_uid及原始次序；不能按物品名合并不同组
沃玛教主,76,12,强效太阳水 ×8,920016,1/2,8,dpv2.direct.m76.v505_0008,必须恢复本行全部原始slot_uid及原始次序；不能按物品名合并不同组
沃玛教主,76,21,超级金创药 ×2,920017,1/2,2,dpv2.direct.m76.v505_0036,必须恢复本行全部原始slot_uid及原始次序；不能按物品名合并不同组
沃玛教主,76,22,超级魔法药 ×2,920042,1/2,2,dpv2.direct.m76.v505_0046,必须恢复本行全部原始slot_uid及原始次序；不能按物品名合并不同组
沃玛教主,76,33,太阳水 ×2,920014,1/4,2,dpv2.direct.m76.v505_0026,必须恢复本行全部原始slot_uid及原始次序；不能按物品名合并不同组
沃玛教主,76,34,强效太阳水 ×2,920016,1/4,2,dpv2.direct.m76.v505_0016,必须恢复本行全部原始slot_uid及原始次序；不能按物品名合并不同组
触龙神,124,6,超级金创药 ×8,920017,1/1,8,dpv2.direct.m124.slot_018,必须恢复本行全部原始slot_uid及原始次序；不能按物品名合并不同组
触龙神,124,7,超级魔法药 ×8,920042,1/1,8,dpv2.direct.m124.slot_026,必须恢复本行全部原始slot_uid及原始次序；不能按物品名合并不同组
触龙神,124,9,太阳水 ×8,920014,1/2,8,dpv2.direct.m124.slot_010,必须恢复本行全部原始slot_uid及原始次序；不能按物品名合并不同组
触龙神,124,10,强效太阳水 ×8,920016,1/2,8,dpv2.direct.m124.slot_002,必须恢复本行全部原始slot_uid及原始次序；不能按物品名合并不同组
触龙神,124,11,超级金创药 ×2,920017,1/2,2,dpv2.direct.m124.slot_038,必须恢复本行全部原始slot_uid及原始次序；不能按物品名合并不同组
触龙神,124,12,超级魔法药 ×2,920042,1/2,2,dpv2.direct.m124.slot_040,必须恢复本行全部原始slot_uid及原始次序；不能按物品名合并不同组
触龙神,124,13,太阳水 ×2,920014,1/4,2,dpv2.direct.m124.slot_036,必须恢复本行全部原始slot_uid及原始次序；不能按物品名合并不同组
触龙神,124,14,强效太阳水 ×2,920016,1/4,2,dpv2.direct.m124.slot_034,必须恢复本行全部原始slot_uid及原始次序；不能按物品名合并不同组
石墓尸王,143,6,超级金创药 ×8,920017,1/1,8,dpv2.direct.m143.slot_030,必须恢复本行全部原始slot_uid及原始次序；不能按物品名合并不同组
石墓尸王,143,7,超级魔法药 ×8,920042,1/1,8,dpv2.direct.m143.slot_040,必须恢复本行全部原始slot_uid及原始次序；不能按物品名合并不同组
石墓尸王,143,9,太阳水 ×8,920014,1/2,8,dpv2.direct.m143.slot_020,必须恢复本行全部原始slot_uid及原始次序；不能按物品名合并不同组
石墓尸王,143,10,强效太阳水 ×8,920016,1/2,8,dpv2.direct.m143.slot_008,必须恢复本行全部原始slot_uid及原始次序；不能按物品名合并不同组
石墓尸王,143,11,超级金创药 ×2,920017,1/2,2,dpv2.direct.m143.slot_028,必须恢复本行全部原始slot_uid及原始次序；不能按物品名合并不同组
石墓尸王,143,12,超级魔法药 ×2,920042,1/2,2,dpv2.direct.m143.slot_038,必须恢复本行全部原始slot_uid及原始次序；不能按物品名合并不同组
石墓尸王,143,13,太阳水 ×2,920014,1/4,2,dpv2.direct.m143.slot_018,必须恢复本行全部原始slot_uid及原始次序；不能按物品名合并不同组
石墓尸王,143,14,强效太阳水 ×2,920016,1/4,2,dpv2.direct.m143.slot_016,必须恢复本行全部原始slot_uid及原始次序；不能按物品名合并不同组
祖玛教主,160,7,超级金创药 ×8,920017,1/1,8,dpv2.direct.m160.v505_0022,必须恢复本行全部原始slot_uid及原始次序；不能按物品名合并不同组
祖玛教主,160,8,超级魔法药 ×8,920042,1/1,8,dpv2.direct.m160.v505_0032,必须恢复本行全部原始slot_uid及原始次序；不能按物品名合并不同组
祖玛教主,160,12,强效太阳水 ×10,920016,1/2,10,dpv2.direct.m160.v505_0002,必须恢复本行全部原始slot_uid及原始次序；不能按物品名合并不同组
祖玛教主,160,19,超级金创药 ×2,920017,1/2,2,dpv2.direct.m160.v505_0030,必须恢复本行全部原始slot_uid及原始次序；不能按物品名合并不同组
祖玛教主,160,20,超级魔法药 ×2,920042,1/2,2,dpv2.direct.m160.v505_0040,必须恢复本行全部原始slot_uid及原始次序；不能按物品名合并不同组
祖玛教主,160,30,强效太阳水 ×10,920016,1/4,10,dpv2.direct.m160.v505_0012,必须恢复本行全部原始slot_uid及原始次序；不能按物品名合并不同组
双头血魔,162,7,超级金创药 ×3,920017,1/1,3,dpv2.direct.m162.slot_031,必须恢复本行全部原始slot_uid及原始次序；不能按物品名合并不同组
双头血魔,162,8,超级魔法药 ×3,920042,1/1,3,dpv2.direct.m162.slot_036,必须恢复本行全部原始slot_uid及原始次序；不能按物品名合并不同组
双头血魔,162,9,金创药(中量) ×2,920044,1/1,2,dpv2.direct.m162.v505_0040,必须恢复本行全部原始slot_uid及原始次序；不能按物品名合并不同组
双头血魔,162,11,魔法药(中量) ×2,920052,1/1,2,dpv2.direct.m162.v505_0045,必须恢复本行全部原始slot_uid及原始次序；不能按物品名合并不同组
双头血魔,162,17,太阳水 ×7,920014,1/2,7,dpv2.direct.m162.v505_0026,必须恢复本行全部原始slot_uid及原始次序；不能按物品名合并不同组
双头血魔,162,18,强效太阳水 ×5,920016,1/2,5,dpv2.direct.m162.slot_008,必须恢复本行全部原始slot_uid及原始次序；不能按物品名合并不同组
双头血魔,162,22,疗伤药 ×7,910007,1/2,7,dpv2.direct.m162.slot_018,必须恢复本行全部原始slot_uid及原始次序；不能按物品名合并不同组
双头血魔,162,24,超级金创药 ×5,920017,1/2,5,dpv2.direct.m162.slot_025,必须恢复本行全部原始slot_uid及原始次序；不能按物品名合并不同组
双头血魔,162,25,超级魔法药 ×5,920042,1/2,5,dpv2.direct.m162.slot_028,必须恢复本行全部原始slot_uid及原始次序；不能按物品名合并不同组
双头血魔,162,43,太阳水 ×7,920014,1/4,7,dpv2.direct.m162.v505_0033,必须恢复本行全部原始slot_uid及原始次序；不能按物品名合并不同组
双头血魔,162,44,强效太阳水 ×5,920016,1/4,5,dpv2.direct.m162.slot_013,必须恢复本行全部原始slot_uid及原始次序；不能按物品名合并不同组
双头金刚,163,7,超级金创药 ×3,920017,1/1,3,dpv2.direct.m163.slot_031,必须恢复本行全部原始slot_uid及原始次序；不能按物品名合并不同组
双头金刚,163,8,超级魔法药 ×3,920042,1/1,3,dpv2.direct.m163.slot_036,必须恢复本行全部原始slot_uid及原始次序；不能按物品名合并不同组
双头金刚,163,9,金创药(中量) ×2,920044,1/1,2,dpv2.direct.m163.v505_0040,必须恢复本行全部原始slot_uid及原始次序；不能按物品名合并不同组
双头金刚,163,11,魔法药(中量) ×2,920052,1/1,2,dpv2.direct.m163.v505_0045,必须恢复本行全部原始slot_uid及原始次序；不能按物品名合并不同组
双头金刚,163,17,太阳水 ×7,920014,1/2,7,dpv2.direct.m163.v505_0026,必须恢复本行全部原始slot_uid及原始次序；不能按物品名合并不同组
双头金刚,163,18,强效太阳水 ×5,920016,1/2,5,dpv2.direct.m163.slot_008,必须恢复本行全部原始slot_uid及原始次序；不能按物品名合并不同组
双头金刚,163,22,疗伤药 ×7,910007,1/2,7,dpv2.direct.m163.slot_018,必须恢复本行全部原始slot_uid及原始次序；不能按物品名合并不同组
双头金刚,163,24,超级金创药 ×5,920017,1/2,5,dpv2.direct.m163.slot_025,必须恢复本行全部原始slot_uid及原始次序；不能按物品名合并不同组
双头金刚,163,25,超级魔法药 ×5,920042,1/2,5,dpv2.direct.m163.slot_028,必须恢复本行全部原始slot_uid及原始次序；不能按物品名合并不同组
双头金刚,163,44,太阳水 ×7,920014,1/4,7,dpv2.direct.m163.v505_0033,必须恢复本行全部原始slot_uid及原始次序；不能按物品名合并不同组
双头金刚,163,45,强效太阳水 ×5,920016,1/4,5,dpv2.direct.m163.slot_013,必须恢复本行全部原始slot_uid及原始次序；不能按物品名合并不同组
赤月恶魔,180,6,疗伤药 ×4,910007,1/1,4,dpv2.direct.m180.slot_012,必须恢复本行全部原始slot_uid及原始次序；不能按物品名合并不同组
赤月恶魔,180,7,祝福油 ×2,920033,1/1,2,dpv2.direct.m180.slot_043,必须恢复本行全部原始slot_uid及原始次序；不能按物品名合并不同组
赤月恶魔,180,8,超级金创药 ×8,920017,1/1,8,dpv2.direct.m180.slot_031,必须恢复本行全部原始slot_uid及原始次序；不能按物品名合并不同组
赤月恶魔,180,9,超级魔法药 ×8,920042,1/1,8,dpv2.direct.m180.slot_038,必须恢复本行全部原始slot_uid及原始次序；不能按物品名合并不同组
赤月恶魔,180,13,强效太阳水 ×10,920016,1/2,10,dpv2.direct.m180.slot_005,必须恢复本行全部原始slot_uid及原始次序；不能按物品名合并不同组
赤月恶魔,180,19,超级金创药 ×2,920017,1/2,2,dpv2.direct.m180.slot_029,必须恢复本行全部原始slot_uid及原始次序；不能按物品名合并不同组
赤月恶魔,180,20,超级魔法药 ×2,920042,1/2,2,dpv2.direct.m180.slot_036,必须恢复本行全部原始slot_uid及原始次序；不能按物品名合并不同组
赤月恶魔,180,36,强效太阳水 ×10,920016,1/4,10,dpv2.direct.m180.slot_019,必须恢复本行全部原始slot_uid及原始次序；不能按物品名合并不同组
虹魔教主,193,6,超级金创药 ×3,920017,1/1,3,dpv2.direct.m193.slot_027,必须恢复本行全部原始slot_uid及原始次序；不能按物品名合并不同组
虹魔教主,193,7,超级魔法药 ×3,920042,1/1,3,dpv2.direct.m193.slot_034,必须恢复本行全部原始slot_uid及原始次序；不能按物品名合并不同组
虹魔教主,193,8,金创药(中量) ×2,920044,1/1,2,dpv2.direct.m193.v505_0040,必须恢复本行全部原始slot_uid及原始次序；不能按物品名合并不同组
虹魔教主,193,10,魔法药(中量) ×2,920052,1/1,2,dpv2.direct.m193.v505_0045,必须恢复本行全部原始slot_uid及原始次序；不能按物品名合并不同组
虹魔教主,193,16,太阳水 ×7,920014,1/2,7,dpv2.direct.m193.v505_0026,必须恢复本行全部原始slot_uid及原始次序；不能按物品名合并不同组
虹魔教主,193,17,强效太阳水 ×5,920016,1/2,5,dpv2.direct.m193.slot_002,必须恢复本行全部原始slot_uid及原始次序；不能按物品名合并不同组
虹魔教主,193,21,疗伤药 ×7,910007,1/2,7,dpv2.direct.m193.v505_0019,必须恢复本行全部原始slot_uid及原始次序；不能按物品名合并不同组
虹魔教主,193,24,超级金创药 ×5,920017,1/2,5,dpv2.direct.m193.slot_022,必须恢复本行全部原始slot_uid及原始次序；不能按物品名合并不同组
虹魔教主,193,25,超级魔法药 ×5,920042,1/2,5,dpv2.direct.m193.slot_029,必须恢复本行全部原始slot_uid及原始次序；不能按物品名合并不同组
虹魔教主,193,44,太阳水 ×7,920014,1/4,7,dpv2.direct.m193.v505_0033,必须恢复本行全部原始slot_uid及原始次序；不能按物品名合并不同组
虹魔教主,193,45,强效太阳水 ×5,920016,1/4,5,dpv2.direct.m193.slot_012,必须恢复本行全部原始slot_uid及原始次序；不能按物品名合并不同组
千年树妖,195,6,超级金创药 ×8,920017,1/1,8,dpv2.direct.m195.slot_023,必须恢复本行全部原始slot_uid及原始次序；不能按物品名合并不同组
千年树妖,195,7,超级魔法药 ×8,920042,1/1,8,dpv2.direct.m195.slot_033,必须恢复本行全部原始slot_uid及原始次序；不能按物品名合并不同组
千年树妖,195,9,太阳水 ×8,920014,1/2,8,dpv2.direct.m195.v505_0018,必须恢复本行全部原始slot_uid及原始次序；不能按物品名合并不同组
千年树妖,195,10,强效太阳水 ×8,920016,1/2,8,dpv2.direct.m195.slot_005,必须恢复本行全部原始slot_uid及原始次序；不能按物品名合并不同组
千年树妖,195,11,超级金创药 ×2,920017,1/2,2,dpv2.direct.m195.slot_021,必须恢复本行全部原始slot_uid及原始次序；不能按物品名合并不同组
千年树妖,195,12,超级魔法药 ×2,920042,1/2,2,dpv2.direct.m195.slot_031,必须恢复本行全部原始slot_uid及原始次序；不能按物品名合并不同组
千年树妖,195,13,太阳水 ×2,920014,1/4,2,dpv2.direct.m195.v505_0026,必须恢复本行全部原始slot_uid及原始次序；不能按物品名合并不同组
千年树妖,195,14,强效太阳水 ×2,920016,1/4,2,dpv2.direct.m195.slot_013,必须恢复本行全部原始slot_uid及原始次序；不能按物品名合并不同组
恶灵尸王,198,46,金创药(中量) ×3,920044,1/200,3,dpv2.direct.m198.slot_017,必须恢复本行全部原始slot_uid及原始次序；不能按物品名合并不同组
恶灵尸王,198,47,魔法药(中量) ×3,920052,1/200,3,dpv2.direct.m198.slot_022,必须恢复本行全部原始slot_uid及原始次序；不能按物品名合并不同组
恶灵尸王,198,52,太阳水 ×5,920014,1/400,5,dpv2.direct.m198.slot_007,必须恢复本行全部原始slot_uid及原始次序；不能按物品名合并不同组
恶灵尸王,198,53,强效太阳水 ×3,920016,1/400,3,dpv2.direct.m198.slot_002,必须恢复本行全部原始slot_uid及原始次序；不能按物品名合并不同组
恶灵尸王,198,54,超级金创药 ×2,920017,1/400,2,dpv2.direct.m198.slot_020,必须恢复本行全部原始slot_uid及原始次序；不能按物品名合并不同组
恶灵尸王,198,55,超级魔法药 ×2,920042,1/400,2,dpv2.direct.m198.slot_025,必须恢复本行全部原始slot_uid及原始次序；不能按物品名合并不同组
恶灵尸王,198,57,太阳水 ×5,920014,1/800,5,dpv2.direct.m198.slot_012,必须恢复本行全部原始slot_uid及原始次序；不能按物品名合并不同组
恶灵尸王,198,58,强效太阳水 ×2,920016,1/800,2,dpv2.direct.m198.slot_005,必须恢复本行全部原始slot_uid及原始次序；不能按物品名合并不同组
黄泉教主,208,7,超级金创药 ×3,920017,1/1,3,dpv2.direct.m208.slot_034,必须恢复本行全部原始slot_uid及原始次序；不能按物品名合并不同组
黄泉教主,208,8,超级魔法药 ×3,920042,1/1,3,dpv2.direct.m208.slot_044,必须恢复本行全部原始slot_uid及原始次序；不能按物品名合并不同组
黄泉教主,208,10,太阳水 ×7,920014,1/2,7,dpv2.direct.m208.v505_0028,必须恢复本行全部原始slot_uid及原始次序；不能按物品名合并不同组
黄泉教主,208,11,强效太阳水 ×5,920016,1/2,5,dpv2.direct.m208.slot_002,必须恢复本行全部原始slot_uid及原始次序；不能按物品名合并不同组
黄泉教主,208,12,疗伤药 ×7,910007,1/2,7,dpv2.direct.m208.slot_022,必须恢复本行全部原始slot_uid及原始次序；不能按物品名合并不同组
黄泉教主,208,14,超级金创药 ×5,920017,1/2,5,dpv2.direct.m208.slot_029,必须恢复本行全部原始slot_uid及原始次序；不能按物品名合并不同组
黄泉教主,208,15,超级魔法药 ×5,920042,1/2,5,dpv2.direct.m208.slot_039,必须恢复本行全部原始slot_uid及原始次序；不能按物品名合并不同组
黄泉教主,208,32,太阳水 ×7,920014,1/4,7,dpv2.direct.m208.v505_0035,必须恢复本行全部原始slot_uid及原始次序；不能按物品名合并不同组
黄泉教主,208,33,强效太阳水 ×5,920016,1/4,5,dpv2.direct.m208.slot_012,必须恢复本行全部原始slot_uid及原始次序；不能按物品名合并不同组
牛魔王,224,7,超级金创药 ×2,920017,1/1,2,dpv2.direct.m224.slot_025,必须恢复本行全部原始slot_uid及原始次序；不能按物品名合并不同组
牛魔王,224,8,超级魔法药 ×2,920042,1/1,2,dpv2.direct.m224.slot_027,必须恢复本行全部原始slot_uid及原始次序；不能按物品名合并不同组
牛魔王,224,22,超级金创药 ×2,920017,1/2,2,dpv2.direct.m224.slot_021,必须恢复本行全部原始slot_uid及原始次序；不能按物品名合并不同组
牛魔王,224,23,超级魔法药 ×2,920042,1/2,2,dpv2.direct.m224.slot_023,必须恢复本行全部原始slot_uid及原始次序；不能按物品名合并不同组
牛魔王,224,42,太阳水 ×4,920014,1/4,4,dpv2.direct.m224.slot_014,必须恢复本行全部原始slot_uid及原始次序；不能按物品名合并不同组
牛魔王,224,43,强效太阳水 ×2,920016,1/4,2,dpv2.direct.m224.slot_008,必须恢复本行全部原始slot_uid及原始次序；不能按物品名合并不同组
暗之双头血魔,235,6,回城卷 ×6,920007,1/1,6,dpv2.direct.m235.slot_047,必须恢复本行全部原始slot_uid及原始次序；不能按物品名合并不同组
暗之双头血魔,235,7,超级金创药 ×8,920017,1/1,8,dpv2.direct.m235.slot_019,必须恢复本行全部原始slot_uid及原始次序；不能按物品名合并不同组
暗之双头血魔,235,8,超级魔法药 ×8,920042,1/1,8,dpv2.direct.m235.slot_009,必须恢复本行全部原始slot_uid及原始次序；不能按物品名合并不同组
暗之双头血魔,235,9,强效太阳水 ×10,920016,1/2,10,dpv2.direct.m235.slot_037,必须恢复本行全部原始slot_uid及原始次序；不能按物品名合并不同组
暗之双头血魔,235,10,超级金创药 ×2,920017,1/2,2,dpv2.direct.m235.slot_017,必须恢复本行全部原始slot_uid及原始次序；不能按物品名合并不同组
暗之双头血魔,235,11,超级魔法药 ×2,920042,1/2,2,dpv2.direct.m235.slot_007,必须恢复本行全部原始slot_uid及原始次序；不能按物品名合并不同组
暗之双头血魔,235,13,强效太阳水 ×10,920016,1/4,10,dpv2.direct.m235.slot_027,必须恢复本行全部原始slot_uid及原始次序；不能按物品名合并不同组
暗之双头金刚,236,6,回城卷 ×6,920007,1/1,6,dpv2.direct.m236.slot_047,必须恢复本行全部原始slot_uid及原始次序；不能按物品名合并不同组
暗之双头金刚,236,7,超级金创药 ×8,920017,1/1,8,dpv2.direct.m236.slot_019,必须恢复本行全部原始slot_uid及原始次序；不能按物品名合并不同组
暗之双头金刚,236,8,超级魔法药 ×8,920042,1/1,8,dpv2.direct.m236.slot_009,必须恢复本行全部原始slot_uid及原始次序；不能按物品名合并不同组
暗之双头金刚,236,9,强效太阳水 ×10,920016,1/2,10,dpv2.direct.m236.slot_037,必须恢复本行全部原始slot_uid及原始次序；不能按物品名合并不同组
暗之双头金刚,236,10,超级金创药 ×2,920017,1/2,2,dpv2.direct.m236.slot_017,必须恢复本行全部原始slot_uid及原始次序；不能按物品名合并不同组
暗之双头金刚,236,11,超级魔法药 ×2,920042,1/2,2,dpv2.direct.m236.slot_007,必须恢复本行全部原始slot_uid及原始次序；不能按物品名合并不同组
暗之双头金刚,236,13,强效太阳水 ×10,920016,1/4,10,dpv2.direct.m236.slot_027,必须恢复本行全部原始slot_uid及原始次序；不能按物品名合并不同组
暗之黄泉教主,237,6,回城卷 ×6,920007,1/1,6,dpv2.direct.m237.slot_047,必须恢复本行全部原始slot_uid及原始次序；不能按物品名合并不同组
暗之黄泉教主,237,7,超级金创药 ×8,920017,1/1,8,dpv2.direct.m237.slot_019,必须恢复本行全部原始slot_uid及原始次序；不能按物品名合并不同组
暗之黄泉教主,237,8,超级魔法药 ×8,920042,1/1,8,dpv2.direct.m237.slot_009,必须恢复本行全部原始slot_uid及原始次序；不能按物品名合并不同组
暗之黄泉教主,237,9,强效太阳水 ×10,920016,1/2,10,dpv2.direct.m237.slot_037,必须恢复本行全部原始slot_uid及原始次序；不能按物品名合并不同组
暗之黄泉教主,237,10,超级金创药 ×2,920017,1/2,2,dpv2.direct.m237.slot_017,必须恢复本行全部原始slot_uid及原始次序；不能按物品名合并不同组
暗之黄泉教主,237,11,超级魔法药 ×2,920042,1/2,2,dpv2.direct.m237.slot_007,必须恢复本行全部原始slot_uid及原始次序；不能按物品名合并不同组
暗之黄泉教主,237,13,强效太阳水 ×10,920016,1/4,10,dpv2.direct.m237.slot_027,必须恢复本行全部原始slot_uid及原始次序；不能按物品名合并不同组
暗之骷髅精灵,238,6,回城卷 ×6,920007,1/1,6,dpv2.direct.m238.slot_047,必须恢复本行全部原始slot_uid及原始次序；不能按物品名合并不同组
暗之骷髅精灵,238,7,超级金创药 ×8,920017,1/1,8,dpv2.direct.m238.slot_019,必须恢复本行全部原始slot_uid及原始次序；不能按物品名合并不同组
暗之骷髅精灵,238,8,超级魔法药 ×8,920042,1/1,8,dpv2.direct.m238.slot_009,必须恢复本行全部原始slot_uid及原始次序；不能按物品名合并不同组
暗之骷髅精灵,238,9,强效太阳水 ×10,920016,1/2,10,dpv2.direct.m238.slot_037,必须恢复本行全部原始slot_uid及原始次序；不能按物品名合并不同组
暗之骷髅精灵,238,10,超级金创药 ×2,920017,1/2,2,dpv2.direct.m238.slot_017,必须恢复本行全部原始slot_uid及原始次序；不能按物品名合并不同组
暗之骷髅精灵,238,11,超级魔法药 ×2,920042,1/2,2,dpv2.direct.m238.slot_007,必须恢复本行全部原始slot_uid及原始次序；不能按物品名合并不同组
暗之骷髅精灵,238,13,强效太阳水 ×10,920016,1/4,10,dpv2.direct.m238.slot_027,必须恢复本行全部原始slot_uid及原始次序；不能按物品名合并不同组
暗之虹魔教主,240,6,回城卷 ×6,920007,1/1,6,dpv2.direct.m240.slot_047,必须恢复本行全部原始slot_uid及原始次序；不能按物品名合并不同组
暗之虹魔教主,240,7,超级金创药 ×8,920017,1/1,8,dpv2.direct.m240.slot_019,必须恢复本行全部原始slot_uid及原始次序；不能按物品名合并不同组
暗之虹魔教主,240,8,超级魔法药 ×8,920042,1/1,8,dpv2.direct.m240.slot_009,必须恢复本行全部原始slot_uid及原始次序；不能按物品名合并不同组
暗之虹魔教主,240,9,强效太阳水 ×10,920016,1/2,10,dpv2.direct.m240.slot_037,必须恢复本行全部原始slot_uid及原始次序；不能按物品名合并不同组
暗之虹魔教主,240,10,超级金创药 ×2,920017,1/2,2,dpv2.direct.m240.slot_017,必须恢复本行全部原始slot_uid及原始次序；不能按物品名合并不同组
暗之虹魔教主,240,11,超级魔法药 ×2,920042,1/2,2,dpv2.direct.m240.slot_007,必须恢复本行全部原始slot_uid及原始次序；不能按物品名合并不同组
暗之虹魔教主,240,13,强效太阳水 ×10,920016,1/4,10,dpv2.direct.m240.slot_027,必须恢复本行全部原始slot_uid及原始次序；不能按物品名合并不同组
暗之牛魔王,225,6,强效太阳水 ×5,920016,1/1,5,dpv2.direct.m225.slot_005,必须恢复本行全部原始slot_uid及原始次序；不能按物品名合并不同组
暗之牛魔王,225,9,强效太阳水 ×5,920016,1/2,5,dpv2.direct.m225.slot_010,必须恢复本行全部原始slot_uid及原始次序；不能按物品名合并不同组
暗之牛魔王,225,10,超级金创药 ×3,920017,1/2,3,dpv2.direct.m225.slot_024,必须恢复本行全部原始slot_uid及原始次序；不能按物品名合并不同组
暗之牛魔王,225,11,超级魔法药 ×3,920042,1/2,3,dpv2.direct.m225.slot_027,必须恢复本行全部原始slot_uid及原始次序；不能按物品名合并不同组
暗之牛魔王,225,13,疗伤药 ×7,910007,1/4,7,dpv2.direct.m225.slot_015,必须恢复本行全部原始slot_uid及原始次序；不能按物品名合并不同组
暗之牛魔王,225,14,超级金创药 ×5,920017,1/4,5,dpv2.direct.m225.slot_030,必须恢复本行全部原始slot_uid及原始次序；不能按物品名合并不同组
暗之牛魔王,225,15,超级魔法药 ×5,920042,1/4,5,dpv2.direct.m225.slot_035,必须恢复本行全部原始slot_uid及原始次序；不能按物品名合并不同组
暗之牛魔王,225,34,祈祷头盔 ×2,224,1/20,2,dpv2.direct.m225.slot_041,必须恢复本行全部原始slot_uid及原始次序；不能按物品名合并不同组
宝箱1,227,21,太阳水 ×5,920014,1/10,5,dpv2.direct.m227.slot_012,必须恢复本行全部原始slot_uid及原始次序；不能按物品名合并不同组
宝箱1,227,22,强效太阳水 ×3,920016,1/10,3,dpv2.direct.m227.slot_004,必须恢复本行全部原始slot_uid及原始次序；不能按物品名合并不同组
宝箱1,227,29,太阳水 ×5,920014,1/20,5,dpv2.direct.m227.slot_007,必须恢复本行全部原始slot_uid及原始次序；不能按物品名合并不同组
宝箱1,227,30,强效太阳水 ×2,920016,1/20,2,dpv2.direct.m227.slot_002,必须恢复本行全部原始slot_uid及原始次序；不能按物品名合并不同组
宝箱2,228,8,太阳水 ×5,920014,1/10,5,dpv2.direct.m228.slot_012,必须恢复本行全部原始slot_uid及原始次序；不能按物品名合并不同组
宝箱2,228,10,强效太阳水 ×3,920016,1/10,3,dpv2.direct.m228.slot_004,必须恢复本行全部原始slot_uid及原始次序；不能按物品名合并不同组
宝箱2,228,28,太阳水 ×6,920014,1/20,6,dpv2.direct.m228.slot_007,必须恢复本行全部原始slot_uid及原始次序；不能按物品名合并不同组
宝箱2,228,30,强效太阳水 ×2,920016,1/20,2,dpv2.direct.m228.slot_002,必须恢复本行全部原始slot_uid及原始次序；不能按物品名合并不同组
宝箱3,229,6,太阳水 ×5,920014,1/1,5,dpv2.direct.m229.slot_012,必须恢复本行全部原始slot_uid及原始次序；不能按物品名合并不同组
宝箱3,229,7,强效太阳水 ×2,920016,1/1,2,dpv2.direct.m229.slot_002,必须恢复本行全部原始slot_uid及原始次序；不能按物品名合并不同组
宝箱3,229,9,太阳水 ×5,920014,1/2,5,dpv2.direct.m229.slot_007,必须恢复本行全部原始slot_uid及原始次序；不能按物品名合并不同组
宝箱3,229,10,强效太阳水 ×3,920016,1/2,3,dpv2.direct.m229.slot_004,必须恢复本行全部原始slot_uid及原始次序；不能按物品名合并不同组
宝箱4,230,9,太阳水 ×4,920014,1/2,4,dpv2.direct.m230.slot_011,必须恢复本行全部原始slot_uid及原始次序；不能按物品名合并不同组
宝箱4,230,10,强效太阳水 ×2,920016,1/2,2,dpv2.direct.m230.slot_009,必须恢复本行全部原始slot_uid及原始次序；不能按物品名合并不同组
宝箱4,230,11,超级金创药 ×3,920017,1/2,3,dpv2.direct.m230.slot_016,必须恢复本行全部原始slot_uid及原始次序；不能按物品名合并不同组
宝箱4,230,12,超级魔法药 ×3,920042,1/2,3,dpv2.direct.m230.slot_019,必须恢复本行全部原始slot_uid及原始次序；不能按物品名合并不同组
宝箱5,231,6,太阳水 ×2,920014,1/1,2,dpv2.direct.m231.slot_007,必须恢复本行全部原始slot_uid及原始次序；不能按物品名合并不同组
宝箱5,231,7,强效太阳水 ×3,920016,1/1,3,dpv2.direct.m231.slot_002,必须恢复本行全部原始slot_uid及原始次序；不能按物品名合并不同组
宝箱5,231,11,强效太阳水 ×2,920016,1/2,2,dpv2.direct.m231.slot_005,必须恢复本行全部原始slot_uid及原始次序；不能按物品名合并不同组
宝箱5,231,12,超级金创药 ×2,920017,1/2,2,dpv2.direct.m231.slot_009,必须恢复本行全部原始slot_uid及原始次序；不能按物品名合并不同组
宝箱5,231,13,超级魔法药 ×2,920042,1/2,2,dpv2.direct.m231.slot_012,必须恢复本行全部原始slot_uid及原始次序；不能按物品名合并不同组
宝箱6,232,6,太阳水 ×8,920014,1/1,8,dpv2.direct.m232.slot_020,必须恢复本行全部原始slot_uid及原始次序；不能按物品名合并不同组
宝箱6,232,7,强效太阳水 ×8,920016,1/1,8,dpv2.direct.m232.slot_008,必须恢复本行全部原始slot_uid及原始次序；不能按物品名合并不同组
宝箱6,232,8,超级金创药 ×8,920017,1/1,8,dpv2.direct.m232.slot_030,必须恢复本行全部原始slot_uid及原始次序；不能按物品名合并不同组
宝箱6,232,9,超级魔法药 ×8,920042,1/1,8,dpv2.direct.m232.slot_040,必须恢复本行全部原始slot_uid及原始次序；不能按物品名合并不同组
宝箱6,232,11,太阳水 ×2,920014,1/2,2,dpv2.direct.m232.slot_018,必须恢复本行全部原始slot_uid及原始次序；不能按物品名合并不同组
宝箱6,232,12,强效太阳水 ×2,920016,1/2,2,dpv2.direct.m232.slot_016,必须恢复本行全部原始slot_uid及原始次序；不能按物品名合并不同组
宝箱6,232,13,超级金创药 ×2,920017,1/2,2,dpv2.direct.m232.slot_028,必须恢复本行全部原始slot_uid及原始次序；不能按物品名合并不同组
宝箱6,232,14,超级魔法药 ×2,920042,1/2,2,dpv2.direct.m232.slot_038,必须恢复本行全部原始slot_uid及原始次序；不能按物品名合并不同组
宝箱7,233,6,太阳水 ×5,920014,1/1,5,dpv2.direct.m233.slot_023,必须恢复本行全部原始slot_uid及原始次序；不能按物品名合并不同组
宝箱7,233,7,强效太阳水 ×5,920016,1/1,5,dpv2.direct.m233.slot_008,必须恢复本行全部原始slot_uid及原始次序；不能按物品名合并不同组
宝箱7,233,11,太阳水 ×5,920014,1/2,5,dpv2.direct.m233.slot_018,必须恢复本行全部原始slot_uid及原始次序；不能按物品名合并不同组
宝箱7,233,12,强效太阳水 ×5,920016,1/2,5,dpv2.direct.m233.slot_013,必须恢复本行全部原始slot_uid及原始次序；不能按物品名合并不同组
宝箱7,233,13,超级金创药 ×4,920017,1/2,4,dpv2.direct.m233.slot_028,必须恢复本行全部原始slot_uid及原始次序；不能按物品名合并不同组
宝箱7,233,14,超级魔法药 ×3,920042,1/2,3,dpv2.direct.m233.slot_029,必须恢复本行全部原始slot_uid及原始次序；不能按物品名合并不同组
宝箱7,233,25,降魔 ×2,96,1/3,2,dpv2.direct.m233.slot_084,必须恢复本行全部原始slot_uid及原始次序；不能按物品名合并不同组
宝箱8,234,6,太阳水 ×3,920014,1/1,3,dpv2.direct.m234.slot_013,必须恢复本行全部原始slot_uid及原始次序；不能按物品名合并不同组
宝箱8,234,7,强效太阳水 ×4,920016,1/1,4,dpv2.direct.m234.slot_005,必须恢复本行全部原始slot_uid及原始次序；不能按物品名合并不同组
宝箱8,234,8,超级金创药 ×3,920017,1/1,3,dpv2.direct.m234.slot_018,必须恢复本行全部原始slot_uid及原始次序；不能按物品名合并不同组
宝箱8,234,9,超级魔法药 ×3,920042,1/1,3,dpv2.direct.m234.slot_023,必须恢复本行全部原始slot_uid及原始次序；不能按物品名合并不同组
宝箱8,234,11,太阳水 ×2,920014,1/2,2,dpv2.direct.m234.slot_011,必须恢复本行全部原始slot_uid及原始次序；不能按物品名合并不同组
宝箱8,234,12,强效太阳水 ×2,920016,1/2,2,dpv2.direct.m234.slot_009,必须恢复本行全部原始slot_uid及原始次序；不能按物品名合并不同组
宝箱8,234,13,超级金创药 ×2,920017,1/2,2,dpv2.direct.m234.slot_016,必须恢复本行全部原始slot_uid及原始次序；不能按物品名合并不同组
宝箱8,234,14,超级魔法药 ×2,920042,1/2,2,dpv2.direct.m234.slot_021,必须恢复本行全部原始slot_uid及原始次序；不能按物品名合并不同组
巨型多角虫,107,6,太阳水 ×5,920014,1/1,5,dpv2.direct.m107.slot_007,必须恢复本行全部原始slot_uid及原始次序；不能按物品名合并不同组
巨型多角虫,107,7,强效太阳水 ×3,920016,1/1,3,dpv2.direct.m107.slot_002,必须恢复本行全部原始slot_uid及原始次序；不能按物品名合并不同组
巨型多角虫,107,8,金创药(中量) ×3,920044,1/1,3,dpv2.direct.m107.v505_0017,必须恢复本行全部原始slot_uid及原始次序；不能按物品名合并不同组
巨型多角虫,107,10,魔法药(中量) ×3,920052,1/1,3,dpv2.direct.m107.v505_0022,必须恢复本行全部原始slot_uid及原始次序；不能按物品名合并不同组
巨型多角虫,107,12,太阳水 ×5,920014,1/2,5,dpv2.direct.m107.slot_012,必须恢复本行全部原始slot_uid及原始次序；不能按物品名合并不同组
巨型多角虫,107,13,强效太阳水 ×2,920016,1/2,2,dpv2.direct.m107.slot_005,必须恢复本行全部原始slot_uid及原始次序；不能按物品名合并不同组
巨型多角虫,107,16,金创药(中量) ×2,920044,1/2,2,dpv2.direct.m107.v505_0020,必须恢复本行全部原始slot_uid及原始次序；不能按物品名合并不同组
巨型多角虫,107,17,魔法药(中量) ×2,920052,1/2,2,dpv2.direct.m107.v505_0025,必须恢复本行全部原始slot_uid及原始次序；不能按物品名合并不同组
血巨人,164,9,金币 ×2,,1/3,2,dpv2.direct.m164.v505_0001,必须恢复本行全部原始slot_uid及原始次序；不能按物品名合并不同组
血僵尸,166,9,金币 ×2,,1/3,2,dpv2.direct.m166.v505_0001,必须恢复本行全部原始slot_uid及原始次序；不能按物品名合并不同组
多钩猫王,31,7,金创药(中量) ×4,920044,1/2,4,dpv2.direct.m31.slot_006,必须恢复本行全部原始slot_uid及原始次序；不能按物品名合并不同组
多钩猫王,31,8,魔法药(中量) ×4,920052,1/2,4,dpv2.direct.m31.slot_010,必须恢复本行全部原始slot_uid及原始次序；不能按物品名合并不同组
多钩猫王,31,9,太阳水 ×4,920014,1/4,4,dpv2.direct.m31.slot_002,必须恢复本行全部原始slot_uid及原始次序；不能按物品名合并不同组
钉耙猫王,32,7,金创药(中量) ×4,920044,1/2,4,dpv2.direct.m32.slot_006,必须恢复本行全部原始slot_uid及原始次序；不能按物品名合并不同组
钉耙猫王,32,8,魔法药(中量) ×4,920052,1/2,4,dpv2.direct.m32.slot_010,必须恢复本行全部原始slot_uid及原始次序；不能按物品名合并不同组
钉耙猫王,32,9,太阳水 ×4,920014,1/4,4,dpv2.direct.m32.slot_002,必须恢复本行全部原始slot_uid及原始次序；不能按物品名合并不同组
半兽统领,42,7,疗伤药 ×2,910007,1/2,2,dpv2.direct.m42.slot_008,必须恢复本行全部原始slot_uid及原始次序；不能按物品名合并不同组
半兽统领,42,8,超级金创药 ×4,920017,1/2,4,dpv2.direct.m42.slot_012,必须恢复本行全部原始slot_uid及原始次序；不能按物品名合并不同组
半兽统领,42,9,超级魔法药 ×4,920042,1/2,4,dpv2.direct.m42.slot_016,必须恢复本行全部原始slot_uid及原始次序；不能按物品名合并不同组
半兽统领,42,10,太阳水 ×2,920014,1/4,2,dpv2.direct.m42.slot_006,必须恢复本行全部原始slot_uid及原始次序；不能按物品名合并不同组
半兽统领,42,11,强效太阳水 ×6,920016,1/4,6,dpv2.direct.m42.slot_002,必须恢复本行全部原始slot_uid及原始次序；不能按物品名合并不同组
祖玛弓箭手3,152,33,降魔 ×2,96,1/20,2,dpv2.direct.m152.slot_049,必须恢复本行全部原始slot_uid及原始次序；不能按物品名合并不同组
祖玛雕像3,155,34,降魔 ×2,96,1/20,2,dpv2.direct.m155.slot_049,必须恢复本行全部原始slot_uid及原始次序；不能按物品名合并不同组
祖玛卫士3,158,34,降魔 ×2,96,1/20,2,dpv2.direct.m158.slot_051,必须恢复本行全部原始slot_uid及原始次序；不能按物品名合并不同组
祖玛卫士00,159,6,超级金创药 ×8,920017,1/1,8,dpv2.direct.m159.slot_014,必须恢复本行全部原始slot_uid及原始次序；不能按物品名合并不同组
祖玛卫士00,159,7,超级魔法药 ×8,920042,1/1,8,dpv2.direct.m159.slot_024,必须恢复本行全部原始slot_uid及原始次序；不能按物品名合并不同组
祖玛卫士00,159,9,太阳水 ×8,920014,1/2,8,dpv2.direct.m159.v505_0012,必须恢复本行全部原始slot_uid及原始次序；不能按物品名合并不同组
祖玛卫士00,159,10,强效太阳水 ×8,920016,1/2,8,dpv2.direct.m159.slot_002,必须恢复本行全部原始slot_uid及原始次序；不能按物品名合并不同组
祖玛卫士00,159,11,超级金创药 ×2,920017,1/2,2,dpv2.direct.m159.slot_012,必须恢复本行全部原始slot_uid及原始次序；不能按物品名合并不同组
祖玛卫士00,159,12,超级魔法药 ×2,920042,1/2,2,dpv2.direct.m159.slot_022,必须恢复本行全部原始slot_uid及原始次序；不能按物品名合并不同组
祖玛卫士00,159,13,太阳水 ×2,920014,1/4,2,dpv2.direct.m159.v505_0020,必须恢复本行全部原始slot_uid及原始次序；不能按物品名合并不同组
祖玛卫士00,159,14,强效太阳水 ×2,920016,1/4,2,dpv2.direct.m159.slot_010,必须恢复本行全部原始slot_uid及原始次序；不能按物品名合并不同组
暗之沃玛教主,239,6,回城卷 ×6,920007,1/1,6,dpv2.direct.m239.slot_047,必须恢复本行全部原始slot_uid及原始次序；不能按物品名合并不同组
暗之沃玛教主,239,7,超级金创药 ×8,920017,1/1,8,dpv2.direct.m239.slot_019,必须恢复本行全部原始slot_uid及原始次序；不能按物品名合并不同组
暗之沃玛教主,239,8,超级魔法药 ×8,920042,1/1,8,dpv2.direct.m239.slot_009,必须恢复本行全部原始slot_uid及原始次序；不能按物品名合并不同组
暗之沃玛教主,239,9,强效太阳水 ×10,920016,1/2,10,dpv2.direct.m239.slot_037,必须恢复本行全部原始slot_uid及原始次序；不能按物品名合并不同组
暗之沃玛教主,239,10,超级金创药 ×2,920017,1/2,2,dpv2.direct.m239.slot_017,必须恢复本行全部原始slot_uid及原始次序；不能按物品名合并不同组
暗之沃玛教主,239,11,超级魔法药 ×2,920042,1/2,2,dpv2.direct.m239.slot_007,必须恢复本行全部原始slot_uid及原始次序；不能按物品名合并不同组
暗之沃玛教主,239,13,强效太阳水 ×10,920016,1/4,10,dpv2.direct.m239.slot_027,必须恢复本行全部原始slot_uid及原始次序；不能按物品名合并不同组
